codigo_antiguo,codigo_nuevo,distrito_origen,distrito_destino,empresa_operadora,empresa_abrev,alias,color_hex,fuente
1117,1001,Santiago de Surco,San Isidro,Tablada 2000,ETTADOSA,La Tablada,#FFFFFF,wikipedia
1118,1002,La Punta,La Victoria,Urano Tours,,La U,#004F08,wikipedia
IO33B,1003,Puente Piedra,Rímac,Rosa de las Américas,ETROASAC,La 9,#FFFFFF,wikipedia
1212,1004,Comas,San Martín de Porres,Doce de Junio,ETDOJUSA,Ninguno,#FF6417,wikipedia
1217,1005,Carabayllo,La Victoria,Santa Cruz,,La 13,#FF0000,wikipedia
1403,1006,Carabayllo,Ate,Impulsa Progreso,,La C,#0CB7F2,wikipedia
1502,1007,Puente Piedra,Lima,Amancaes,ETAMSA,La 87B,#FFCD82,wikipedia
1503,1008,Carabayllo,Magdalena del Mar,Express del Perú,GEP,La 03,#210BA3,wikipedia
1504,1009,Carabayllo,San Miguel,Comercializadora e Importadora Unidos Punchauca,ETCIPSA,La 06,#762CB9,wikipedia
1505,1010,Puente Piedra,Magdalena del Mar,Mariscal Ramón Castilla,ETMRCSA,La 46B,#143AB8,wikipedia
1506,1011,Carabayllo,Pueblo Libre,Translima,,La 47,#007DC4,wikipedia
1508,1012,Carabayllo,San Miguel,Unión Nacional,ESTUNSAC,La B,#FF0F0F,wikipedia
1518,1013,Carabayllo,Jesús María,Translima,,La 18,#017BA1,wikipedia
1602,1014,Comas,San Luis,Catorce de Diciembre,,Ninguno,#26913B,wikipedia
1604,1015,Carabayllo,Lince,Miguel Grau,ETMIGRASA,La MG,#121213,wikipedia
1607,1016,Ancón,La Victoria,La Buena Estrella,,Ninguno,#0000B3,wikipedia
1608,1017,Ancón,La Victoria,Novobus,,Ninguno,#0000BF,wikipedia
1610,1018,Carabayllo,La Victoria,Once de Noviembre,EMPTONSA,Ninguno,#56CCA1,wikipedia
1611,1019,Puente Piedra,Magdalena del Mar,Palmari,,La P,#D10F0F,wikipedia
1612,1020,Puente Piedra,Miraflores,Santa Luzmila,ETSLUSA,La C,#264720,wikipedia
1615,1021,Carabayllo,Lince,CKF,,La F,#D10F0F,wikipedia
1617,1022,Carabayllo,Miraflores,Norcom Corporation,,Ninguno,#D10F0F,wikipedia
1618,1023,Carabayllo,Lince,Nueva América,TRANSNASA,La B,#FA8E00,wikipedia
2204,1024,San Martín de Porres,San Martín de Porres,Nor Lima,ETNOLSA,La U - La A - La B - La C,#00BBFF,wikipedia
2209,1025,San Martín de Porres,Rímac,Unidos de Pasajeros,ETUPSA,La 73B,#006614,wikipedia
2212,1026,San Martín de Porres,Rímac,Especial Solidaridad,EMTESSA,La S2,#0F8A01,wikipedia
2412,1027,Rímac,Ate,Comité Cien,,La 60C,#0C0E52,wikipedia
2502,1028,San Martín de Porres,Lima,Pacific International,ETRASERPISA,La B,#FFAA00,wikipedia
2510,1029,Independencia,San Miguel,Alipio Ponce Vásquez,ETALPOVASA,Ninguno,#036900,wikipedia
2511,1030,San Martín de Porres,San Martín de Porres,Corazón de Jesús de San Diego,,Ninguno,#002BD9,wikipedia
2513,1031,San Martín de Porres,Jesús María,Translima,,La 29,#00FFEE,wikipedia
2603,1032,San Martín de Porres,La Victoria,San Juan de La Cruz,,La A,#F70707,wikipedia
2604,1033,San Martín de Porres,La Victoria,Luxe,,La C,#0B148F,wikipedia
2607,1034,Rímac,La Victoria,Independiente de Transportes,EITSA,La 36,#218F00,wikipedia
2608,1035,Rímac,La Victoria,Especiales La Bala,,Ninguno,#0B208C,wikipedia
2609,1036,Rímac,La Victoria,El Bajopontino,,Ninguno,#FFB34F,wikipedia
2611,1037,San Martín de Porres,La Victoria,Lima Chorrillos,TRANSLICSA,La B,#F20C0C,wikipedia
2613,1038,San Martín de Porres,Lince,El Porvenir,ETEPSA,La 28 - La 504,#1E8000,wikipedia
2901,1039,Independencia,Callao,117,ETSEDISA,La 117,#43B587,wikipedia
3204,1040,San Juan de Lurigancho,Rímac,San Ignacio,ETSISA,La SC - La San Ignacio,#0044FF,wikipedia
3403/TVE27,1041,San Juan de Lurigancho,Chaclacayo,Santa Rosa de Jicamarca,ETSRJSA,Ninguno,#E81D1D,wikipedia
3405,1042,San Juan de Lurigancho,Ate,Las Águilas 75,ETLA75SA,La 75A,#FF0F0F,wikipedia
3408,1043,San Juan de Lurigancho,La Molina,Cuarenta Integrada,ETRANCISA,La 40,#4F200C,wikipedia
3509,1044,San Juan de Lurigancho,Jesús María,104,,La 104,#FF3F0F,wikipedia
3511,1045,San Juan de Lurigancho,Magdalena del Mar,Unidos,ETUSA,La 52C,#90333B,wikipedia
3603,1046,San Juan de Lurigancho,Lince,Transport Sabino,TRANSSABISAC,Ninguno,#17A108,wikipedia
3604,1047,San Juan de Lurigancho,Miraflores,Santo Cristo de Pachacamilla,ETRASCPSA,La 10A,#7C47A1,wikipedia
3607,1048,San Juan de Lurigancho,Lince,12 de Enero,ETDESA,Ninguno,#DB1212,wikipedia
3611/TVE60,1049,San Juan de Lurigancho,La Victoria,Caminos del Inca,ETCISA,Ninguno,#258009,wikipedia
3613,1050,San Juan de Lurigancho,Lince,El Lobito,,La R-I,#FFCC00,wikipedia
3614/TVE68,1051,San Juan de Lurigancho,San Isidro,Unidos,ETUSA,La 52J,#90333B,wikipedia
3701,1052,San Juan de Lurigancho,San Juan de Miraflores,HA de Servicios Múltiples de Propietarios Unidos Huáscar,ETHASEMPUHUASA,La HA,#1510B0,wikipedia
3702,1053,San Juan de Lurigancho,Chorrillos,Sur Lima,,La H,#003CE0,wikipedia
3705,1054,San Juan de Lurigancho,Chorrillos,Urbano Línea 4,ETUL4SA,La E,#E3B03F,wikipedia
3707,1055,San Juan de Lurigancho,Chorrillos,Lima Urban Company,,La 31,#FF0303,wikipedia
3805,1056,San Juan de Lurigancho,Villa El Salvador,Arco Iris,ETSAISA,La P,#B80000,wikipedia
3806,1057,San Juan de Lurigancho,Villa María del Triunfo,Santa Catalina,ESTSACASA,La 23C,#0C5700,wikipedia
3807/TVE21,1058,San Juan de Lurigancho,Lurín,Huáscar,,La R28,#D8D821,wikipedia
3809,1059,San Juan de Lurigancho,Villa María del Triunfo,Santa Catalina,ESTSACASA,La 23B,#0C5700,wikipedia
3810,1060,San Juan de Lurigancho,Villa María del Triunfo,Ocho,ETSOSA,La 8,#DE1212,wikipedia
3813,1061,San Juan de Lurigancho,Villa El Salvador,Preferencial M1,ETSPM1SA,La M1,#C5FF22,wikipedia
3814,1062,San Juan de Lurigancho,Villa El Salvador,Los Cuatro Suyos,ETCSSA,La M1,#FFF70A,wikipedia
3815,1063,San Juan de Lurigancho,Pachacámac,Los Magníficos,ETYSERMULMASA,La M,#FFB60A,wikipedia
4304,1064,Lurigancho/Chosica,San Juan de Lurigancho,Santa Rosa de Jicamarca,ETSRJSA,La 49,#DB0000,wikipedia
4405,1065,Ate,Ate,Nuevo Horizonte,ETNHOSA,La 91,#00126E,wikipedia
4502,1066,Huaycán,Lima,Huaycán,ETRANTURHSA,La HCT - El Huaycanero,#D5BC8B,wikipedia
4503,1067,Santa Anita,Lima,Peralitos,,Ninguno,#FF0F0F,wikipedia
4504,1068,Huaycán,Lima,Nuevo Perú,,La HGK - El Huaycanero,#05016B,wikipedia
4507,1069,Ricardo Palma,Lima,Nueva Era Señor de Muruhuay,ETSNESMSA,El Chosicano,#1F26FF,wikipedia
4510,1070,Ate,Jesús María,Bronco,ETBRONSA,Ninguno,#9C1414,wikipedia
4511,1071,Ate,Lima,Virgen de Copacabana,MIVICOSAC,La IC,#0758B5,wikipedia
4607,1072,Ate,La Victoria,Unidos San Martín de Porres,ETUSMPSA,Ninguno,#0013BA,wikipedia
4609,1073,Ate,San Isidro,Nuestra Señora del Sagrado Corazón,ETNUSSACSA,La B,#151F5C,wikipedia
4610,1074,Ate,San Isidro,Miraflores Monterrico,ETMIMSA,La B - La 112,#1E2C82,wikipedia
4611,1075,Lurigancho/Chosica,La Victoria,San Juan Bautista,ETSSJBSA,La 51,#00008A,wikipedia
4612,1076,Huaycán,La Victoria,Comercialización 14 de Mayo,,Ninguno,#00990A,wikipedia
4613,1077,Huaycán,La Victoria,Perla de Los Andes,TRASMPERSAC,Ninguno,#006B0B,wikipedia
4614,1078,Ate,La Victoria,Sesentitrés,,La 63,#75574D,wikipedia
4618,1079,Ate,La Victoria,Unidos San Martín de Porres,ETUSMPSA,Ninguno,#0013BA,wikipedia
4619,1080,Huaycán,La Victoria,Huaycán,ETRANTURHSA,La HCT - El Huaycanero,#1BBFA4,wikipedia
4620,1081,Huaycán,La Victoria,Urbano Huaycán,,Ninguno,#D61406,wikipedia
4622,1082,Ate,Miraflores,Angamos,,Ninguno,#FFEF08,wikipedia
4623,1083,Huaycán,La Victoria,Sin Fronteras,,Ninguno,#FFA229,wikipedia
4703,1084,Ate,Chorrillos,Consorcio Santo Cristo,,La 91,#070A66,wikipedia
5401,1085,Lima,Santa Eulalia,Turismo Carretera Central,EMTRACACE,El Chosicano,#25A605,wikipedia
6901,1086,San Borja,Callao,Magdalena-San Miguel,ETRAMSMSA,Ninguno,#B8B097,wikipedia
7501,1087,Chorrillos,Jesús María,Unidos,ETUSA,La 52T,#90333B,wikipedia
7505,1088,Chorrillos,Lima,Renacimiento,SGTRENSA,Ninguno,#7CFF0A,wikipedia
7601,1089,San Juan de Miraflores,Lince,ATCRSA,ATCRSA,La 24,#E80202,wikipedia
7606,1090,Chorrillos,San Isidro,Unidos Chama,,La C,#E00202,wikipedia
7607,1091,San Juan de Miraflores,La Victoria,160,,La 160,#1465A3,wikipedia
7610,1092,Chorrillos,La Victoria,San Genaro,ETSEMUSAGESA,Ninguna,#C4100A,wikipedia
7612,1093,San Juan de Miraflores,San Isidro,Sur Primero de Junio,ETPRIJUSAC,La I,#0F0F0F,wikipedia
7613,1094,San Juan de Miraflores,Miraflores,Unidos Doce de Noviembre,ETUSA,La C,#0016A3,wikipedia
7614,1095,Chorrillos,Miraflores,Servicios Turismo e Inversiones Norteamérica,,La 57,#0DBD7C,wikipedia
8302/CH24,1096,Villa El Salvador,San Juan de Lurigancho,Luis Banchero Rossi,LUBARSA,La B - La Banchero,#FFFF1C,wikipedia
8306,1097,Villa El Salvador,San Juan de Lurigancho,Santo Cristo de Pachacamilla,ETRASCPSA,La 10E,#7C47A1,wikipedia
8308,1098,Lurín,San Juan de Lurigancho,Urbano Línea 4,ETUL4SA,La 08 - La L,#E3B03F,wikipedia
8403,1099,Villa María del Triunfo,Jesús Maria,Luis Banchero Rossi,LUBARSA,La 9 - La Banchero,#F4F78F,wikipedia
8404,1100,Villa María del Triunfo,Huaycán,Urbano Línea 4,ETUL4SA,La P,#E3B03F,wikipedia
8513,1107,Villa El Salvador,Lima,Montenegro,ETMOSAC,La C,#59D3FF,wikipedia
8520,1108,Villa el Salvador,Lima,Santa Catalina,ESTSACASA,La 23A,#0C5700,wikipedia
8523,1109,Villa María del Triunfo,Miraflores,Esfuerzos Unidos,ETEUSA,La 25,#276913,wikipedia
8524,1110,Pachacámac,Lima,Unidos Chama,,La G,#FF0000,wikipedia
8525,1111,Villa María del Triunfo,Lima,Unidos de Pasajeros,ETUPSA,La 73A,#ACCB56,wikipedia
8602,1112,Pachacámac,La Victoria,Red Lima Móvil,,Ninguno,#21CBD1,wikipedia
8604,1113,Villa María del Triunfo,Miraflores,Translima,,Ninguno,#009FE3,wikipedia
8605,1114,Villa El Salvador,San Isidro,Los Ángeles del Perú,ETRAPERSAC,La D2,#0008FF,wikipedia
8611,1115,Lurín,Miraflores,Express Pachacámac,ETEPSA,La A,#0006B8,wikipedia
8612,1116,Pachacámac,Miraflores,Edilberto Ramos,ETERSAC,La A,#FFFF00,wikipedia
8614,1117,Villa María del Triunfo,Miraflores,Tablada 2000,ETTADOSA,Ninguna,#FFCB3D,wikipedia
8616,1118,Villa María del Triunfo,Miraflores,Urano Tours,,La U,#FF1414,wikipedia
8617,1119,Villa El Salvador,Miraflores,ATCRSA,ATCRSA,La D,#E80202,wikipedia
8618,1120,Pachacámac,La Victoria,Real Star del Perú,,La 190,#D6B618,wikipedia
8619,1121,Villa El Salvador,La Victoria,Consorcio Línea 3,,La A,#27C716,wikipedia
8621,1122,Villa El Salvador,La Victoria,Lapso,,La 6,#FFFF00,wikipedia
8626,1123,Pachacámac,Miraflores,Unidos Chama,,La A,#DF3322,wikipedia
8703,1124,Villa María del Triunfo,Surquillo,Expreso Tablada Y Asociados,,Ninguno,#FFB12B,wikipedia
8704,1125,Villa María del Triunfo,Surquillo,Purca Gabriel Cora Cora,,Ninguno,#0DE7FF,wikipedia
8711,1126,Lurín,Surquillo,Villa Alejandro,,Ninguno,#398F00,wikipedia
8714,1127,Lurín,Surquillo,Esmirla Zevallos,,Ninguno,#FF0505,wikipedia
8729,1128,Pachacámac,Santiago de Surco,Carrocerías Rivera,,La G - La 65,#68BCEB,wikipedia
8803,1129,Pachacámac,Pachacámac,San Juan de Dios,ETSAJUDSA,La A - La B,#05096E,wikipedia
9503,1130,Carmen de la Legua,Lima,Once de Noviembre,EMPTONSA,Ninguno,#20BA2F,wikipedia
9601,1131,Ventanilla,La Victoria,Virgen de La Puerta,VIPUSA,La D,#0ABF16,wikipedia
9605,1132,Callao,La Victoria,Múltiples Satélite,ETRASEMUSSA,El Urbanito,#004F08,wikipedia
CR04,1133,La Punta,Lima,Señor del Mar,ETSMARSA,Ninguno,#8D17E8,wikipedia
CR07,1134,Callao,La Perla,La Estrella,ETSESAC,La A,#3189CC,wikipedia
CR09,1135,Callao,Lima,Mariscal Ramón Castilla,,La 105,#BDBDBD,wikipedia
CR10,1136,Callao,Lima,Consorcio Nueva Unión,,La 120,#8C6043,wikipedia
CR12,1137,Carabayllo,La Victoria,San Antonio,,Ninguno,#DF2222,wikipedia
CR17,1138,Carabayllo,San Miguel,Chimpum Callao,,Ninguno,#F7FF0F,wikipedia
CR27,1139,Comas,Pueblo Libre,Consorcio Grupo Uvita,,Ninguno,#391170,wikipedia
CR30,1140,Callao,Lima,Milagroso Inmaculado Señor Cautivo de Ayabaca,ETMISCASA,Ninguno,#A322BD,wikipedia
CR31,1141,Callao,Santiago de Surco,Fondo Colectivo de Ayuda Mutua,ETFOCAMSA,Ninguno,#BA0707,wikipedia
CR32,1142,Ventanilla,Lima,Proyecto 7,,Ninguno,#F5D50A,wikipedia
CR38,1143,Callao,Santiago de Surco,Gruplan,,La 524,#FFE642,wikipedia
CR40,1144,Callao,Lima,Conexos Néstor Gambetta,,Ninguna,#38B6FF,wikipedia
CR43,1145,Carabayllo,La Victoria,Callao,TRANSCALLAO,Ninguno,#D6CBC1,wikipedia
CR45,1146,La Punta,Lima,San Benito de Palermo,ETSABEPSA,Ninguno,#EDB313,wikipedia
CR46,1147,La Punta,Lima,Generales Colonial,,Ninguno,#FF00A2,wikipedia
CR47,1148,Callao,Lima,Waylluy,,Ninguno,#941212,wikipedia
CR48,1149,Callao,Lima,Waylluy,,Ninguno,#035220,wikipedia
CR52,1150,Callao,Lima,102,,Ninguno,#EFFF12,wikipedia
CR56,1151,Ventanilla,Lima,Mi Perú Ventanilla,EPTEVESA,Ninguno,#AD3A10,wikipedia
CR61,1152,Ventanilla,Lima,Lima Ventanilla Turismo,LIVENTUR,Ninguno,#136919,wikipedia
CR62,1153,Carabayllo,Carabayllo,San Ignacio de Loyola,ETRASILSA,Ninguno,#400707,wikipedia
CR69,1154,Carabayllo,Pueblo Libre,Consorcio Briza,,Ninguno,#100C8F,wikipedia
CR78,1155,Callao,Lima,Holrex,,Ninguno,#FF860D,wikipedia
ICR02B,1156,Callao,Lima,Nuevo Reynoso,ETYSNURSA,Ninguno,#00EEFF,wikipedia
IM19,1157,Ventanilla,Lima,Sol y Mar,,Ninguno,#255710,wikipedia
IM20,1158,Ventanilla,Lima,SIT,SIT,Ninguno,#FFFFF1,wikipedia
IM21,1159,Callao,Jesús María,Translima,,La 21,#0099FF,wikipedia
IM34B,1160,Ventanilla,Ate,Chimpum Callao,,La OP,#FF872B,wikipedia
IM40,1161,Callao,Ate,Víctor Raúl Haya de La Torre,ETVRHTSA,La 89,#37880B,wikipedia
IM47,1162,Callao,San Miguel,Consorcio Briza,,Ninguno,#8C0B01,wikipedia
IO14,1163,Mi Perú,Santiago de Surco,Avagon,,La SV,#37FFD7,wikipedia
IO19,1164,Callao,Independencia,Corazón de Jesús,CTCJ,Ninguno,#000880,wikipedia
IO38B,1165,Los Olivos,Callao,Consorcio Briza,,Ninguno,#0011FF,wikipedia
IO44B,1166,Carabayllo,San Miguel,Vía Bus,ETVIBUSAC,Ninguno,#032DFF,wikipedia
IO45,1167,Carabayllo,Callao,Consorcio Briza,,Ninguno,#634941,wikipedia
IO47,1168,Ventanilla,Lince,La Nueva Estrella,,Ninguno,#FFA305,wikipedia
IO75B,1169,Mi Perú,Lima,Cielo Mar y Tierra,ETCIMATISA,Ninguno,#808080,wikipedia
OM09,1170,Callao,Lima,Perla Argentina,PASA,La 93,#18D6C9,wikipedia
OM16,1171,Santa Rosa,La Victoria,Álamo Express,ETALEXSA,La DC - La SB,#00B8FF,wikipedia
OM23,1172,San Martín de Porres,Rímac,Niño Jesús,ETUNIJESA,Ninguno,#078ED1,wikipedia
OM32,1173,San Martín de Porres,Santiago de Surco,Consorcio Movil Express,,La 9V,#0CBE00,wikipedia
OM33,1174,San Martín de Porres,San Martín de Porres,Los Ángeles del Perú,CILAP,La D1,#FF0000,wikipedia
1308,1175,Puente Piedra,San Juan de Lurigancho,Pegasso Express,,La P,#02A9FD,wikipedia
1404,1176,Comas,Ate,Virgen de La Puerta,EVIPUSA,La 6M - La Collique,#FF9E00,wikipedia
1411,1177,Carabayllo,Ate,Cruz del Centro,,La 02,#002FC9,wikipedia
1412,1178,Carabayllo,Ate,La Encantada,,La E,#02A9FD,wikipedia
1701,1179,Ancón,Santiago de Surco,Turismo e Inversiones Señor de La Soledad,SESOSA,El Anconero,#BABABA,wikipedia
1702,1180,Carabayllo,San Juan de Miraflores,Nueva América,TRANSNASA,La A,#FA8E00,wikipedia
1703,1181,Puente Piedra,Chorrillos,Perú,,La 70,#247506,wikipedia
1704,1182,Carabayllo,San Juan de Miraflores,Vencedores C&P Inversiones,,La V,#3B68FF,wikipedia
1706,1183,Carabayllo,Santiago de Surco,Urano Tours,,La A,#A6411A,wikipedia
1801,1184,Santa Rosa,Pachacámac,Edilberto Ramos,ETERSAC,La B39 - La C,#00B8FF,wikipedia
1802,1185,Puente Piedra,Villa El Salvador,Urbano Los Chinos,ETUCHISA,La A - El Chino,#00B8FF,wikipedia
2303,1187,San Martín de Porres,San Juan de Lurigancho,Señor Nazareno,,Ninguno,#FFA305,wikipedia
2305,1188,San Martin De Porres,San Juan De Lurigancho,Desconocido,,Desconocido,#FFFFFF,atu_pdf
2404,1189,San Martín de Porres,La Molina,El Inti,ETINSA,La 35B,#239911,wikipedia
2405,1190,San Martín de Porres,Santa Anita,Inversiones El Rápido,ESTIRSA,Ninguno,#0839FF,wikipedia
2406,1191,San Martín de Porres,Ate,Los Excelentes Unidos,,La 35A,#085E02,wikipedia
2407,1192,Independencia,Ate,El Sol de Santa Clara,ETISSA,Ninguno,#FFEE00,wikipedia
2408,1193,Independencia,Ate,Virgen de la Concepción,ETVIRCOSA,La 148,#A31E0F,wikipedia
2409,1194,San Martín de Porres,Ate,Virgen de Fátima,EVIFASA,La B,#A5C5EB,wikipedia
2411,1195,San Martín de Porres,Lurigancho/Chosica,El Rápido,,La 42 - El Rápido,#D90000,wikipedia
2414,1196,Los Olivos,Santa Anita,Cruz del Centro,,La A,#0006CC,wikipedia
2701,1197,San Martín de Porres,Santiago de Surco,Diecisiete de Junio,ETRADIJUSA,La 44A,#EB1515,wikipedia
2703,1199,San Martín de Porres,Chorrillos,36 San Martín de Porres,ET36SMPSA,La 36,#F5CC6C,wikipedia
2803,1200,Lince,Villa María del Triunfo,Ingaruca,TRAINSAC,La 9A,#169E11,wikipedia
3203,1203,San Juan de Lurigancho,San Martín de Porres,San Germán,TISGSA,La C - La 128 - La San Germán,#FF00C3,wikipedia
3205,1204,San Juan de Lurigancho,San Martín de Porres,Huancayo City,ETHUCSA 2H,La 2H,#F0F3AF,wikipedia
3502,1205,El Agustino,San Miguel,Vargasant,,La E,#FFFF39,wikipedia
3507,1207,San Juan de Lurigancho,San Miguel,La Huayrona,,La C1,#FF9900,wikipedia
4102,1210,Santa Anita,Carabayllo,San Felipe Express,,Ninguno,#0E07D9,wikipedia
4210,1214,Ate,San Martín de Porres,Virgen de La Asunción,ETVASA,La 32A,#45FFA2,wikipedia
4506,1218,Ricardo Palma,San Miguel,Lima Chosica,ETYSLCHSA,El Chosicano,#D61A1A,wikipedia
4512,1219,Lurigancho/Chosica,San Miguel,Vargasant,,La B,#FFF945,wikipedia
4513,1220,Lurigancho/Chosica,Lima,Peralitos,,Ninguno,#FF1919,wikipedia
4516,1221,Ate,San Miguel,Los Expertos y Somos Más,,La 20,#B80422,wikipedia
4901,1222,Lurigancho/Chosica,Callao,San Cristóbal Palcamayo,,La 19 - La N,#AD9600,wikipedia
4902,1223,Ate,Callao,Pesqueros,,La 129B,#21917F,wikipedia
4904,1224,Ate,Callao,Gocarive 19,,La 19,#FFD500,wikipedia
4905,1225,Ate,Callao,Álamo Express,ETALEXSA,La C - La 01,#00B8FF,wikipedia
4908,1226,Ate,Callao,El Carmen de la Punta,ETCAPSA,La 71B,#7D0202,wikipedia
4911,1227,Ate,Callao,Almirante Miguel Grau,ETSAMIGSA,Ninguno,#30A130,wikipedia
4913,1228,Huaycán,La Perla,Santa Rosa de Lima,ETSRLSA,La H - La Z,#4FA500,wikipedia
5303,1229,San Miguel,El Agustino,Próceres,,La M,#FFFF00,wikipedia
7101,1230,Chorrillos,Carabayllo,Fénix 2000,,La 03,#FFD600,wikipedia
7103,1231,Chorrillos,Carabayllo,Desconocido,,La 35,#0011FF,wikipedia
7202,1232,San Juan de Miraflores,San Martín de Porres,San Juan de La Cruz,,La A,#F70707,wikipedia
7204,1233,San Juan de Miraflores,San Martín de Porres,San Pedro de Pamplona,,La P1,#FF640A,wikipedia
7504,1234,San Juan de Miraflores,La Perla,La Unidad de Villa,,La W,#00DB34,wikipedia
8102,1235,Pachacámac,Carabayllo,Salamanca Parral,ETSPSA,La S,#2C6632,wikipedia
8104,1236,Villa El Salvador,Carabayllo,Express del Perú,GEP,La 40,#E30000,wikipedia
8105,1237,Villa El Salvador,Carabayllo,El Rápido,,La 5,#D10F0F,wikipedia
8107,1238,Villa El Salvador,Carabayllo,San Felipe Express,,La C,#091080,wikipedia
8108,1239,Villa El Salvador,Puente Piedra,El Cóndor,,La C,#00B8FF,wikipedia
8109,1240,Pachacámac,Ancón,Virgen de la Puerta,VIPUSA,La A,#39913C,wikipedia
8110,1241,Lurín,Carabayllo,Roluesa,,La C,#00B8FF,wikipedia
8111,1242,Pachacámac,Ancón,Nuevo Perú,,La C,#0BB8FF,wikipedia
8112,1243,Villa El Salvador,Carabayllo,Norcom Corporation,,La C,#D90000,wikipedia
8201,1244,Pachacámac,San Martín de Porres,Unidos de Pasajeros,ETUPSA,La 73-1,#ACCB56,wikipedia
8205,1245,Villa María del Triunfo,San Martín de Porres,San Judas Tadeo,,Ninguno,#A89574,wikipedia
8209,1246,Villa María Del Triunfo,San Martin de Porres,Simón Bolívar,ETSIBOSA,La C,#00B8FF,wikipedia
8211,1247,Villa María del Triunfo,San Martín de Porres,Sur Express,,La G,#00EABB,wikipedia
8212,1248,Pachacámac,San Martin de Porres,Real Star del Perú,,La A - La C,#00B8FF,wikipedia
8214,1249,Villa María del Triunfo,San Martin de Porres,Salvador,ETSSSAC,La 15C,#FF8F1F,wikipedia
8501,1250,Villa El Salvador,San Miguel,Lapso,,La L,#FFFF00,wikipedia
8504,1251,San Bartolo,San Miguel,San José,ETSAJOSA,La B - El Chocolate,#3D2D1D,wikipedia
8507,1252,Villa María del Triunfo,San Miguel,San Judas Tadeo,,Ninguno,#FFEFC7,wikipedia
8510,1253,San Bartolo,San Miguel,Guadulfo Silva Carbajal,ETGUSICSA,La A - La San Bartolo,#660000,wikipedia
8511,1254,Pucusana,San Miguel,Guadulfo Silva Carbajal,ETGUSICSA,La B,#660000,wikipedia
8515,1255,Villa María del Triunfo,Lima,Capitales Peruanos,ETCAPESA,Ninguno,#27C716,wikipedia
9303,1256,Callao,San Juan de Lurigancho,Milenium,,La Z1,#610000,wikipedia
9305,1257,Ventanilla,El Agustino,Servicio Urbano 26 de Mayo,,Ninguno,#FFFEED,wikipedia
9306,1258,Callao,San Juan de Lurigancho,Las Flores,,La 57,#FF6F00,wikipedia
9307,1259,Ventanilla,San Juan de Lurigancho,La Nueva Estrella,,La S2C,#0600C9,wikipedia
9401,1260,Ventanilla,Huaycán,Inversiones y Representaciones Polo,IRPSAC,El Lorito,#4FA500,wikipedia
9405,1261,Callao,Ate,Federico Villareal,ETFVSA,La Covida,#FF540A,wikipedia
9801,1262,Ventanilla,Villa El Salvador,41,,La 41,#F5A200,wikipedia
9802,1263,Callao,Villa María del Triunfo,Los Milagros del Señor de Pachacamilla,ETMISPSA,La P,#841FD1,wikipedia
CR02,1264,Callao,Santiago de Surco,Miraflores Monterrico,ETMIMSA,Ninguno,#1932B0,wikipedia
CR14,1265,Callao,Santiago de Surco,Hogar Tours,,La S,#D43434,wikipedia
CR19,1266,Ventanilla,Santiago de Surco,Lima Express,,La JV,#00FF99,wikipedia
CR24,1267,Ventanilla,Ate,Servicio y Comercialización Expreso Santa Anita,,La V,#000E8C,wikipedia
CR25,1268,Callao,Ate,El Álamo de Santa Rosa,,Ninguno,#39601B,wikipedia
CR37,1269,San Martin de Porres,Ate,Los Excelentes Unidos,ETSMEUSA,La X37,#FF0000,wikipedia
CR39,1270,Callao,Santiago De Surco,ANGAMOS,,Desconocido,#FFFFFF,atu_pdf
CR44,1271,Callao,Ate,CALIFORNIA 2000,,Desconocido,#FFFFFF,atu_pdf
CR54,1272,Callao,Santa Anita,VEINTIDOS,,Desconocido,#FFFFFF,atu_pdf
CR57,1273,Ventanilla,El Agustino,IJECORPJYL,,Desconocido,#FFFFFF,atu_pdf
CR58,1274,Ventanilla,Ate,TORO,,Desconocido,#FFFFFF,atu_pdf
CR71,1275,San Martin De Porres,Santiago De Surco,SERV. MULT. GRUPO DIEZ,,Desconocido,#FFFFFF,atu_pdf
CR75,1276,Callao,Santiago De Surco,TURISMO STAR TOURS,,Desconocido,#FFFFFF,atu_pdf
ICR10,1277,Ate,San Martin De Porres,CALIFORNIA,,Desconocido,#FFFFFF,atu_pdf
ICR14,1278,Callao,Santa Anita,REY 505,,Desconocido,#FFFFFF,atu_pdf
IM04,1279,Ate,Callao,SERVICE CANADA,,Desconocido,#FFFFFF,atu_pdf
IM06,1280,Santa Rosa,Villa Maria Del Triunfo,INVERSIONES GENESIS,,Desconocido,#FFFFFF,atu_pdf
IM11,1281,Ate,Callao,SERVICE CANADA,,Desconocido,#FFFFFF,atu_pdf
IM12,1282,Callao,Lurigancho,PACIFIC INTERNATIONAL,,Desconocido,#FFFFFF,atu_pdf
IM18,1283,San Martin De Porres,Santiago De Surco,CONSORCIO DE TRANSPORTE PROYECTO LAS FLORES,,Desconocido,#FFFFFF,atu_pdf
IM22,1284,San Martin De Porres,Villa El Salvador,TREINTITRES,,Desconocido,#FFFFFF,atu_pdf
IM24,1285,Ate,Callao,PESQUEROS,,Desconocido,#FFFFFF,atu_pdf
IM26,1286,San Martin De Porres,San Juan De Lurigancho,HUASCAR,,Desconocido,#FFFFFF,atu_pdf
IM43,1287,Santa Rosa,San Juan De Lurigancho,TRANSPORTE GROUP TIGRILLO,,Desconocido,#FFFFFF,atu_pdf
IM56,1289,San Juan De Lurigancho,Jesus Maria,STARLET CONSORCIO,,Desconocido,#FFFFFF,atu_pdf
IM57,1290,San Martin De Porres,Ate,VIRGEN DE LA ASUNCION,,Desconocido,#FFFFFF,atu_pdf
IO03,1291,Mi Peru,Chorrillos,HOLDING REAL EXPRESS,,Desconocido,#FFFFFF,atu_pdf
IO04,1292,Ventanilla,Ate,TURISMO CALIFORNIA SIGLO XXI,,Desconocido,#FFFFFF,atu_pdf
IO06,1293,Mi Peru,Villa Maria Del Tirunfo,HOLDING REAL EXPRESS,,Desconocido,#FFFFFF,atu_pdf
IO12,1295,Santa Anita,Callao,SERVICIOS Y TURISMO EUREKS,,Desconocido,#FFFFFF,atu_pdf
IO27,1296,San Martin De Porres,Ate,HOLDING REAL EXPRESS,,Desconocido,#FFFFFF,atu_pdf
IO28B,1297,Ventanilla,Villa Maria Del Triunfo,HOLDING REAL EXPRESS,,Desconocido,#FFFFFF,atu_pdf
IO30B,1298,Callao,Villa Maria Del Triunfo,HOLDING REAL EXPRESS,,Desconocido,#FFFFFF,atu_pdf
IO32B,1299,Ventanilla,San Juan De Lurigancho,"EMP.D TRNSP.,SV.Y COM.GALILEA EXPRESS SA",,Desconocido,#FFFFFF,atu_pdf
IO37B,1300,Ventanilla,San Juan De Lurigancho,CONSORCIO ROMA,,Desconocido,#FFFFFF,atu_pdf
IO50,1301,San Juan De Miraflores,Callao,PUBLICO EL MIRADOR,,Desconocido,#FFFFFF,atu_pdf
IO52,1302,San Juan De Lurigancho,Callao,HUASCAR,,Desconocido,#FFFFFF,atu_pdf
IO55,1303,Ventanilla,Ate,EXPRESO NUEVA LIMA S.A.C,,Desconocido,#FFFFFF,atu_pdf
IO63,1305,Ate,La Punta,EL CARMEN DE LA PUNTA,,Desconocido,#FFFFFF,atu_pdf
IO68,1307,Callao,Ate,TURISMO CALIFORNIA SIGLO XXI,,Desconocido,#FFFFFF,atu_pdf
OM19,1310,Callao,Villa El Salvador,HOLDING REAL EXPRESS,,Desconocido,#FFFFFF,atu_pdf
OM21,1311,Los Olivos,Villa El Salvador,HOLDING REAL EXPRESS,,Desconocido,#FFFFFF,atu_pdf
OM28,1313,La Punta,Santa Anita,SENOR DEL MAR,,Desconocido,#FFFFFF,atu_pdf
OM36,1314,Callao,Villa El Salvador,CONSORCIO DE TRANSPORTE TRANSCASTEL,,Desconocido,#FFFFFF,atu_pdf
OM37,1315,Callao,San Juan De Miraflores,HOLDING REAL EXPRESS,,Desconocido,#FFFFFF,atu_pdf
OM42,1316,Ventanilla,San Juan De Lurigancho,CONSORCIO ROMA,,Desconocido,#FFFFFF,atu_pdf
OM57,1317,Pachacamac,La Punta,C.T.I. CORPORACION SAC.,,Desconocido,#FFFFFF,atu_pdf
OM62,1318,Ate,La Punta,CONSORCIO SALAMANCA,,Desconocido,#FFFFFF,atu_pdf
OM75,1319,Lurigancho (Chosica),La Perla,PACHACUTEC INTERNACIONAL,,Desconocido,#FFFFFF,atu_pdf
1104,1320,Puente Piedra,Comas,E.T.S. 22 DE OCTUBRE DE LADERAS DE CHILLON,,Desconocido,#FFFFFF,atu_pdf
1105,1321,Puente Piedra,Carabayllo,E.T.SANTA ROSITA DE QUIVES,,Desconocido,#FFFFFF,atu_pdf
1106,1322,Ancon,Carabayllo,MANUEL PRADO,,Desconocido,#FFFFFF,atu_pdf
1186,1323,Puente Piedra,Carabayllo,E.T. TRANSMILENIO PUENTE PIEDRA,,Desconocido,#FFFFFF,atu_pdf
1188,1324,Puente Piedra,Carabayllo,TODO LO PUEDO EN CRISTO,,Desconocido,#FFFFFF,atu_pdf
1198,1325,Carabayllo,Puente Piedra,LOMAS DE ZAPALLAL,,Desconocido,#FFFFFF,atu_pdf
1201,1326,Carabayllo,San Martin De Porres,RAPIDO INVERSIONES,,Desconocido,#FFFFFF,atu_pdf
1202,1327,Puente Piedra,San Martin De Porres,E.T. Y SERV. EL RETABLO,,Desconocido,#FFFFFF,atu_pdf
1206,1328,Puente Piedra,Independencia,ENSENADA CHILLON S.A. ETECHSA,,Desconocido,#FFFFFF,atu_pdf
1208,1329,Puente Piedra,San Martin De Porres,26 JILGUEROS DE LOS ANDES,,Desconocido,#FFFFFF,atu_pdf
1211,1330,Carabayllo,Los Olivos,CONSORCIO GOMEZ,,Desconocido,#FFFFFF,atu_pdf
1349,1331,Lurigancho (Chosica),Lurigancho (Chosica),Desconocido,,Desconocido,#FFFFFF,atu_pdf
1383,1332,Ventanilla,Ancon,Desconocido,,Desconocido,#FFFFFF,atu_pdf
1397,1333,Santa Rosa,Puente Piedra,Desconocido,,Desconocido,#FFFFFF,atu_pdf
1408,1334,Cieneguilla,La Molina,Desconocido,,Desconocido,#FFFFFF,atu_pdf
1501,1335,Puente Piedra,San Miguel,SAN FELIPE,,Desconocido,#FFFFFF,atu_pdf
1513,1336,Carabayllo,San Miguel,NOR LIMA,,Desconocido,#FFFFFF,atu_pdf
1514,1337,Carabayllo,San Miguel,J.C. BUS,,Desconocido,#FFFFFF,atu_pdf
1901,1338,Puente Piedra,La Perla,CONSORCIO VIA,,Desconocido,#FFFFFF,atu_pdf
2203,1339,San Martin De Porres,San Martin De Porres,E.T. BELAUNDE OESTE,,Desconocido,#FFFFFF,atu_pdf
2208,1340,San Martin De Porres,San Martin De Porres,E.T. Y SERVICIOS UNIDOS PARA TRIUNFAR,,Desconocido,#FFFFFF,atu_pdf
3403,1341,San Juan De Lurigancho,Lurigancho (Chosica),E.T. SANTA ROSA DE JICAMARCA,,Desconocido,#FFFFFF,atu_pdf
3610,1342,San Juan De Lurigancho,El Agustino,VARA,,Desconocido,#FFFFFF,atu_pdf
3802,1343,San Juan De Lurigancho,Pachacamac,NEGOCIACIONES SANTA ANITA,,Desconocido,#FFFFFF,atu_pdf
3803,1344,San Juan De Lurigancho,Pachacamac,NEGOCIACIONES SANTA ANITA,,Desconocido,#FFFFFF,atu_pdf
3804,1345,San Juan De Lurigancho,Pachacamac,E.T. Y TURISMO CINCO ESTRELLAS,,Desconocido,#FFFFFF,atu_pdf
3907,1346,San Juan De Lurigancho,Callao,NUEVO SAN JUAN,,Desconocido,#FFFFFF,atu_pdf
4211,1347,Lurigancho (Chosica),San Juan De Lurigancho,102,,Desconocido,#FFFFFF,atu_pdf
4302,1348,Ate,San Juan De Lurigancho,JERRBUS,,Desconocido,#FFFFFF,atu_pdf
4303,1349,Ate,San Juan De Lurigancho,BECAMI,,Desconocido,#FFFFFF,atu_pdf
4306,1350,Ate,San Juan De Lurigancho,COMUN. INTEG.TURIS. Y SERV. URANO TOURS,,Desconocido,#FFFFFF,atu_pdf
4308,1351,Ate,San Juan De Lurigancho,VARANT,,Desconocido,#FFFFFF,atu_pdf
4401,1352,Lurigancho,Santa Anita,E. T. T. NUEVO AMANECER,,Desconocido,#FFFFFF,atu_pdf
4402,1353,Lurigancho,Ate,IMPORTACIONES Y SERVICIOS H2,,Desconocido,#FFFFFF,atu_pdf
4406,1354,Lurigancho (Chosica),Ate,E.T. Y SERV. EL TRIUNFO 119,,Desconocido,#FFFFFF,atu_pdf
4407,1355,Santa Anita,La Molina,CRUZ DE NAZARENO,,Desconocido,#FFFFFF,atu_pdf
4408,1356,La Molina,Lurigancho (Chosica),PREMIER EL NAZARENO,,Desconocido,#FFFFFF,atu_pdf
4409,1357,La Molina,Lurigancho (Chosica),EMP. DE TRANSP. TUR. Y SERV. CONSTRUCTORES S.A. ETRANSCO,,Desconocido,#FFFFFF,atu_pdf
4413,1358,Cieneguilla,Ate,URBANO EL MOLINERO EXPRESS,,Desconocido,#FFFFFF,atu_pdf
4415,1359,Ate,Ate,AGRUP. DE TRANS. EN CAMIONETAS S.A.(A.T.C.R. S.A.),,Desconocido,#FFFFFF,atu_pdf
4416,1360,Ate,Cieneguilla,RAPIDO MUSA,,Desconocido,#FFFFFF,atu_pdf
4417,1361,Lurigancho (Chosica),Ate,NUEVO AMANECER,,Desconocido,#FFFFFF,atu_pdf
4418,1362,Lurigancho (Chosica),Ate,INVERSIONES RIMARZ,,Desconocido,#FFFFFF,atu_pdf
4419,1363,Lurigancho (Chosica),Ate,MULTIPLES SAN PABLO,,Desconocido,#FFFFFF,atu_pdf
4420,1364,Lurigancho (Chosica),Ate,TRANSPORTE UNIVERSAL Y MULTIPLES INVERSIONES,,Desconocido,#FFFFFF,atu_pdf
4481,1365,Lurigancho (Chosica),Chaclacayo,NANA,,Desconocido,#FFFFFF,atu_pdf
4482,1366,Ate,Ate,SERVICIO MULTIPLES E INVERSIONES NIEVERIA S.A.C,,Desconocido,#FFFFFF,atu_pdf
4483,1367,Lurigancho (Chosica),Ate,COMUN. INTEG.TURIS. Y SERV. URANO TOURS,,Desconocido,#FFFFFF,atu_pdf
4601,1368,Lurigancho (Chosica),Ate,INVERSIONES MULTIPLES CHACARILLA TOUR,,Desconocido,#FFFFFF,atu_pdf
4602,1369,Lurigancho (Chosica),La Victoria,TUMI,,Desconocido,#FFFFFF,atu_pdf
4604,1370,Ate,La Victoria,E.T. Y TURISMO SANTA ANITA,,Desconocido,#FFFFFF,atu_pdf
4608,1371,Ate,La Victoria,E.T. SERV. COMER. SOL DE AMAUTA,,Desconocido,#FFFFFF,atu_pdf
4616,1372,Ate,San Luis,TUMI SIGLO XXI,,Desconocido,#FFFFFF,atu_pdf
4617,1373,Ate,La Victoria,ROMYJOIV,,Desconocido,#FFFFFF,atu_pdf
4624,1374,Lurigancho (Chosica),,LEVARO,,Desconocido,#FFFFFF,atu_pdf
4884,1375,Pachacamac,Pachacamac,GALINDO HNOS,,Desconocido,#FFFFFF,atu_pdf
7403,1376,Chorrillos,Cieneguilla,SERVICIO DE TRANSPORTISTAS JOSE OLAYA,,Desconocido,#FFFFFF,atu_pdf
7701,1377,Chorrillos,Chorrillos,TRANSLIMA,,Desconocido,#FFFFFF,atu_pdf
7702,1378,Chorrillos,San Juan De Miraflores,E.T.TURISMO SAN JUANITO,,Desconocido,#FFFFFF,atu_pdf
7703,1379,Chorrillos,San Juan De Miraflores,PREFERENCIAL SAN JUANITO,,Desconocido,#FFFFFF,atu_pdf
7705,1380,San Juan De Lurigancho,Chorrillos,E.T. TABLADA,,Desconocido,#FFFFFF,atu_pdf
7706,1381,San Juan De Miraflores,Chorrillos,UNIDOS DOCE DE NOVIEMBRE,,Desconocido,#FFFFFF,atu_pdf
7707,1382,Chorrillos,San Juan De Miraflores,E.T.COMER.E IMPOR.MARTIR OLAYA,,Desconocido,#FFFFFF,atu_pdf
7708,1383,Chorrillos,San Juan De Miraflores,SAN GENARO,,Desconocido,#FFFFFF,atu_pdf
7709,1384,Chorrillos,Villa Maria Del Triunfo,LA UNIDAD DE VILLA,,Desconocido,#FFFFFF,atu_pdf
7711,1385,San Juan De Miraflores,Chorrillos,SERVICE CANADA,,Desconocido,#FFFFFF,atu_pdf
7799,1386,Chorrillos,Chorrillos,SAN GENARO,,Desconocido,#FFFFFF,atu_pdf
7801,1387,San Juan De Miraflores,Villa Maria Del Triunfo,E.S.T. SAN JUAN,,Desconocido,#FFFFFF,atu_pdf
7802,1388,San Juan De Miraflores,Villa Maria Del Triunfo,SAN PEDRO DE PAMPLONA,,Desconocido,#FFFFFF,atu_pdf
7803,1389,San Juan De Miraflores,Villa Maria Del Triunfo,E.S.T. SAN JUAN,,Desconocido,#FFFFFF,atu_pdf
7804,1390,San Juan De Miraflores,Villa Maria Del Triunfo,VIRTUAL EXPRESS,,Desconocido,#FFFFFF,atu_pdf
7805,1391,Chorrillos,Villa Maria Del Triunfo,E.T.TURISMO SAN JUANITO,,Desconocido,#FFFFFF,atu_pdf
7807,1392,San Juan De Miraflores,Villa El Salvador,IMAGEN DE JESUS,,Desconocido,#FFFFFF,atu_pdf
7811,1393,San Juan De Miraflores,Villa El Salvador,LIDER PAMPLONA ALTA,,Desconocido,#FFFFFF,atu_pdf
8401,1394,Lurin,Cieneguilla,18 DE ENERO,,Desconocido,#FFFFFF,atu_pdf
8402,1395,Pachacamac,Ate,LOS LAURELES DE MANCHAY,,Desconocido,#FFFFFF,atu_pdf
8613,1396,Punta Negra,Chorrillos,TURISMO EL MARQUEZ,,Desconocido,#FFFFFF,atu_pdf
8701,1397,Lurin,San Juan De Miraflores,ROSHEDI,,Desconocido,#FFFFFF,atu_pdf
8702,1398,Punta Hermosa,San Juan De Miraflores,VIRGENCITA DE PACHACAMAC,,Desconocido,#FFFFFF,atu_pdf
8706,1399,Villa Maria Del Triunfo,Chorrillos,E.T.TURISMO SAN JUANITO,,Desconocido,#FFFFFF,atu_pdf
8707,1400,Villa Maria Del Triunfo,Chorrillos,PREFERENCIAL SAN JUANITO,,Desconocido,#FFFFFF,atu_pdf
8708,1401,Villa Maria Del Triunfo,Chorrillos,UNION SAN JUANITO,,Desconocido,#FFFFFF,atu_pdf
8716,1405,Villa Maria Del Triunfo,Chorrillos,JOSE GALVEZ,,Desconocido,#FFFFFF,atu_pdf
8717,1406,Pachacamac,Chorrillos,KID GALAHAD,,Desconocido,#FFFFFF,atu_pdf
8718,1407,Pachacamac,San Juan De Miraflores,NOVOA,,Desconocido,#FFFFFF,atu_pdf
8720,1408,Lurin,San Juan De Miraflores,E.T.Y SERV.MULTIPLES TALIA S.A.C,,Desconocido,#FFFFFF,atu_pdf
8722,1409,Villa El Salvador,Chorrillos,JOSE GALVEZ,,Desconocido,#FFFFFF,atu_pdf
8723,1410,Villa El Salvador,San Juan De Miraflores,TRABAJADORES CORAJE,,Desconocido,#FFFFFF,atu_pdf
8727,1413,Villa Maria Del Triunfo,Chorrillos,CORAZON VALIENTE,,Desconocido,#FFFFFF,atu_pdf
8728,1414,Villa Maria Del Triunfo,Chorrillos,TRAGEPSA,,Desconocido,#FFFFFF,atu_pdf
8801,1415,Lurin,San Bartolo,SAN PEDRO DE LURIN,,Desconocido,#FFFFFF,atu_pdf
8802,1416,Villa El Salvador,San Bartolo,E.T. Y SERV. SANTA CRUZ DE PUNTA HERMOSA,,Desconocido,#FFFFFF,atu_pdf
8804,1417,Pachacamac,Villa Maria Del Triunfo,TRANSPORTE INVERSIONES MULTIPLICANDO ESPERANZAS SAC,,Desconocido,#FFFFFF,atu_pdf
8890,1418,Pachacamac,Villa Maria Del Triunfo,& INVERSIONES LAS NUEVAS ESPERANZAS,,Desconocido,#FFFFFF,atu_pdf
8892,1419,Villa Maria Del Triunfo,Villa El Salvador,E.T. TABLADA,,Desconocido,#FFFFFF,atu_pdf
CR05,1420,Bellavista,San Martin De Porres,MULTISERVICIOS OVNI,,Desconocido,#FFFFFF,atu_pdf
CR13,1421,San Martin De Porres,San Miguel,LATINOAMERICA,,Desconocido,#FFFFFF,atu_pdf
CR15,1422,Carabayllo,San Miguel,SAN ANTONIO,,Desconocido,#FFFFFF,atu_pdf
CR16,1423,Ventanilla,San Miguel,SAN JOSE,,Desconocido,#FFFFFF,atu_pdf
CR28,1424,Callao,Callao,ROSARIO DE SANTA MARIA,,Desconocido,#FFFFFF,atu_pdf
CR34,1425,Ventanilla,San Miguel,COMAS EXPRESS,,Desconocido,#FFFFFF,atu_pdf
CR35,1426,Ventanilla,San Miguel,CONSORCIO DE TRANSPORTE Y SERVICIO LIVENTUR,,Desconocido,#FFFFFF,atu_pdf
CR41,1427,Ventanilla,Cercado De Lima,CONSORCIO DE TRANSPORTE Y SERVICIO LIVENTUR,,Desconocido,#FFFFFF,atu_pdf
CR42,1428,Independencia,Callao,RAPIDO CORRE CAMINOS,,Desconocido,#FFFFFF,atu_pdf
CR49,1429,San Martin De Porres,Callao,MULTISERVICIOS OVNI,,Desconocido,#FFFFFF,atu_pdf
CR51,1430,Comas,San Miguel,SAN FELIPE,,Desconocido,#FFFFFF,atu_pdf
CR53,1431,La Perla,Independencia,CONSORCIO 4S,,Desconocido,#FFFFFF,atu_pdf
CR65,1432,Comas,San Miguel,LIDER,,Desconocido,#FFFFFF,atu_pdf
CR66,1433,Ventanilla,Callao,RAPIDO MARCOS,,Desconocido,#FFFFFF,atu_pdf
CR84,1434,Callao,Carabayllo,LEVI EXPRESS DE TRANSPORTES,,Desconocido,#FFFFFF,atu_pdf
ICR05,1435,Carabayllo,Callao,NUEVA AMERICA,,Desconocido,#FFFFFF,atu_pdf
ICR15,1436,Comas,Ventanilla,SAGRADO CORAZON DE COLLIQUE,,Desconocido,#FFFFFF,atu_pdf
IM08,1437,Callao,Independencia,CONSORCIO HAYDEE ALFARO MONTUFAR S.A.C,,Desconocido,#FFFFFF,atu_pdf
IM31,1438,Ventanilla,San Miguel,COOP DE SERV ESP.TRANSP.SOL Y MAR,,Desconocido,#FFFFFF,atu_pdf
IO09,1439,Callao,San Martin De Porres,RAPIDO RAMON CASTILLA,,Desconocido,#FFFFFF,atu_pdf
IO35B,1440,Carabayllo,Callao,CONSORCIO BRIZA,,Desconocido,#FFFFFF,atu_pdf
IO40,1441,Los Olivos,San Miguel,CONSORCIO BRIZA,,Desconocido,#FFFFFF,atu_pdf
IO71,1442,Ventanilla,San Miguel,AVAGON,,Desconocido,#FFFFFF,atu_pdf
IO74,1443,Ate,La Victoria,CALIFORNIA,,Desconocido,#FFFFFF,atu_pdf
IPC06,1444,Comas,San Miguel,CONSORCIO GRUPO UVITA,,Desconocido,#FFFFFF,atu_pdf
OM10,1445,Mi Peru,San Miguel,AVAGON,,Desconocido,#FFFFFF,atu_pdf
OM25,1446,Puente Piedra,Bellavista,CRUZ DE MOTUPE,,Desconocido,#FFFFFF,atu_pdf
OM39,1447,Callao,Independencia,SAN BENITO DE PALERMO,,Desconocido,#FFFFFF,atu_pdf
OM47,1448,Santa Rosa,San Miguel,CONSORCIO DE TRANSPORTE KILMER,,Desconocido,#FFFFFF,atu_pdf
UCL01,1449,Ventanilla,La Punta,SERVICIO RAPIDO SANTA MARINA,,Desconocido,#FFFFFF,atu_pdf
UCL02,1450,Callao,La Punta,SERVICIO RAPIDO SANTA MARINA,,Desconocido,#FFFFFF,atu_pdf
UCL03,1451,San Martin De Porres,La Punta,LA ESPERANZA TRANSPORTES Y SERVICIOS,,Desconocido,#FFFFFF,atu_pdf
UCL04,1452,Callao,La Punta,LA ESPERANZA TRANSPORTES Y SERVICIOS,,Desconocido,#FFFFFF,atu_pdf
UCL06,1453,Callao,Bellavista,LA PERLA,,Desconocido,#FFFFFF,atu_pdf
UCL09,1454,Ventanilla,Callao,RAPIDO VENTANILLA CALLAO,,Desconocido,#FFFFFF,atu_pdf
UCL10,1455,Ventanilla,Bellavista,CONSORCIO SATELITE TRANSPORT GROUP,,Desconocido,#FFFFFF,atu_pdf
UCL11,1456,La Perla,Ventanilla,RAPIDO VENTANILLA CALLAO,,Desconocido,#FFFFFF,atu_pdf
UCL12,1457,Ventanilla,La Perla,CONSORCIO DE TRANSPORTES ARIES,,Desconocido,#FFFFFF,atu_pdf
UCL13,1458,Ventanilla,Callao,ACOR,,Desconocido,#FFFFFF,atu_pdf
UCL14,1459,Ventanilla,Callao,MI DIVINO SAN SALVADOR,,Desconocido,#FFFFFF,atu_pdf
UCL16,1460,Ventanilla,Callao,MI DIVINO SAN SALVADOR,,Desconocido,#FFFFFF,atu_pdf
1102,1461,Carabayllo,Carabayllo,E.T. Y SERV. JUAN PABLO S.A. EMJUPASA,,Desconocido,#FFFFFF,atu_pdf
1103,1462,Carabayllo,Carabayllo,HUANDOY,,Desconocido,#FFFFFF,atu_pdf
8502,1463,Villa Maria Del Triunfo,Cercado De Lima,E.T.S. SAN JUAN NUMERO CIENTO OCHO,,Desconocido,#FFFFFF,atu_pdf
8503,1464,Villa Maria Del Triunfo,Cercado De Lima,RED LIMA MOVIL,,Desconocido,#FFFFFF,atu_pdf
8505,1465,Pachacamac,Breña,GUADULFO SILVA CARBAJAL,,Desconocido,#FFFFFF,atu_pdf
8506,1466,Pachacamac,Cercado De Lima,E.S.E.T. SAN JUDAS TADEO,,Desconocido,#FFFFFF,atu_pdf
8508,1467,Pucusana,Cercado De Lima,ROYAL EXPRESS,,Desconocido,#FFFFFF,atu_pdf
1804,1468,Ancon,San Juan De Miraflores,VIRGEN DE LA PUERTA,,Desconocido,#FFFFFF,atu_pdf
2702,1470,Chorrillos,San Martin De Porres,SERVICIO MULTIPLE RUMI,,Desconocido,#FFFFFF,atu_pdf
2804,1471,San Martin De Porres,Villa El Salvador,LINEA PERUANA DE TRANSPORTES S.A. LIPETSA.,,Desconocido,#FFFFFF,atu_pdf
2805,1472,San Martin De Porres,Villa El Salvador,SOL DE ORO,,Desconocido,#FFFFFF,atu_pdf
3505,1473,San Juan De Lurigancho,San Miguel,EL CARMEN,,Desconocido,#FFFFFF,atu_pdf
3517,1474,San Juan De Lurigancho,Pueblo Libre,CHABAQUITO,,Desconocido,#FFFFFF,atu_pdf
3906,1475,San Juan De Lurigancho,La Perla,COLONIAL,,Desconocido,#FFFFFF,atu_pdf
4204,1476,Ate,San Martin De Porres,SOL DE ORO,,Desconocido,#FFFFFF,atu_pdf
4205,1477,Ate,San Martin De Porres,VISHENZO INVESTMENT COMPANY 505,,Desconocido,#FFFFFF,atu_pdf
4206,1478,Ate,San Martin De Porres,EXPRESSO DOCE,,Desconocido,#FFFFFF,atu_pdf
4501,1479,Lurigancho (Chosica),San Miguel,78,,Desconocido,#FFFFFF,atu_pdf
4505,1480,Lurigancho,San Miguel,REPRESENTACIONES SARITA COLONIA Y VILLA SOL,,Desconocido,#FFFFFF,atu_pdf
IO66,1481,San Juan De Lurigancho,Callao,PATRON SAN SEBASTIAN,,Desconocido,#FFFFFF,atu_pdf
IO89,1482,San Martin De Porres,Chorrillos,MULTIPLES AQUARIUS EXPRESS,,Desconocido,#FFFFFF,atu_pdf
8712,1483,Villa Maria Del Triunfo,Chorrillos,LA UNIDAD DE VILLA,,Desconocido,#FFFFFF,atu_pdf
8715,1484,Lurin,Surquillo,E.T. MILAGROSA VIRGEN DEL CARMEN DE LURIN,,Desconocido,#FFFFFF,atu_pdf
8724,1485,Lurin,Chorrillos,LA UNIDAD DE VILLA,,Desconocido,#FFFFFF,atu_pdf
8726,1486,Villa Maria Del Triunfo,Chorrillos,URBANO MARIATEGUI,,Desconocido,#FFFFFF,atu_pdf
8709,1487,Villa Maria Del Triunfo,San Juan De Miraflores,E.T. ESFUERZOS UNIDOS,,Desconocido,#FFFFFF,atu_pdf
8406,1488,Lurin,Lurigancho (Chosica),INVERSIONES NUEVA GALAXIA,,Desconocido,#FFFFFF,atu_pdf
4212,1489,Ate,San Martin De Porres,LOS ALIZOS,,Desconocido,#FFFFFF,atu_pdf
3816,1490,San Juan De Lurigancho,Villa Maria Del Triunfo,ESPECIAL SOLIDARIDAD,,Desconocido,#FFFFFF,atu_pdf
CR20,1491,Callao,Villa Maria Del Triunfo,CONSORCIO GRUPO SALAMANCA,,Desconocido,#FFFFFF,atu_pdf
8509,1492,Villa El Salvador,Los Olivos,SALVADOR,,Desconocido,#FFFFFF,atu_pdf
